num_segments,video_duration,total_qoe,avg_qoe_per_segment,total_rebuf_time,rebuf_ratio,viewport_hits,viewport_misses,viewport_hit_rate,total_bits_downloaded,total_mb_downloaded,bandwidth_savings,avg_bandwidth_mbps,approach,user_trace_file,network_trace,video_id
70,70.52,-278260.3181156298,-3975.147401651854,64793.097236192974,918.7903748751131,109,0,1.0,8400000000.0,1050.0,0.0,14.889393079977312,baseline,Diving-2OzlksZBTiA_0_processed.csv,Verizon1,Diving-2OzlksZBTiA
70,70.52,-69243.92952890742,-989.198993270106,16146.524309048244,228.96375934555084,73,36,0.6697247706422018,2100000000.0,262.5,0.75,3.722348269994328,predictive_with_content,Diving-2OzlksZBTiA_0_processed.csv,Verizon1,Diving-2OzlksZBTiA
70,70.52,-187806.16344023214,-2682.945192003316,43757.24731168183,620.4941479251536,109,0,1.0,8400000000.0,1050.0,0.0,14.889393079977312,baseline,Diving-2OzlksZBTiA_0_processed.csv,Verizon2,Diving-2OzlksZBTiA
70,70.52,-46630.390860057996,-666.1484408579714,10887.561827920457,154.38970260806096,73,36,0.6697247706422018,2100000000.0,262.5,0.75,3.722348269994328,predictive_with_content,Diving-2OzlksZBTiA_0_processed.csv,Verizon2,Diving-2OzlksZBTiA
70,70.52,-2994.6578719578165,-42.78082674225452,777.8274120832131,11.029883892274718,109,0,1.0,8400000000.0,1050.0,0.0,14.889393079977312,baseline,Diving-2OzlksZBTiA_0_processed.csv,ATT2,Diving-2OzlksZBTiA
70,70.52,-427.51446798945415,-6.107349542706488,142.7068530208033,2.0236365998412267,73,36,0.6697247706422018,2100000000.0,262.5,0.75,3.722348269994328,predictive_with_content,Diving-2OzlksZBTiA_0_processed.csv,ATT2,Diving-2OzlksZBTiA
70,70.52,-36046.60832641964,-514.9515475202807,8464.32751777201,120.02733292359629,109,0,1.0,8400000000.0,1050.0,0.0,14.889393079977312,baseline,Diving-2OzlksZBTiA_0_processed.csv,ATT1,Diving-2OzlksZBTiA
70,70.52,-8690.502081604907,-124.15002973721296,2064.3318794430024,29.27299885767162,73,36,0.6697247706422018,2100000000.0,262.5,0.75,3.722348269994328,predictive_with_content,Diving-2OzlksZBTiA_0_processed.csv,ATT1,Diving-2OzlksZBTiA
70,70.52,-4307.339843584577,-61.533426336922524,1083.1022892057154,15.358795933149679,109,0,1.0,8400000000.0,1050.0,0.0,14.889393079977312,baseline,Diving-2OzlksZBTiA_0_processed.csv,TMobile2,Diving-2OzlksZBTiA
70,70.52,-755.6849608961438,-10.795499441373483,219.02557230142884,3.1058646100599665,73,36,0.6697247706422018,2100000000.0,262.5,0.75,3.722348269994328,predictive_with_content,Diving-2OzlksZBTiA_0_processed.csv,TMobile2,Diving-2OzlksZBTiA
70,70.52,-34929.07849581773,-498.98683565453905,8204.436859492496,116.34198609603654,109,0,1.0,8400000000.0,1050.0,0.0,14.889393079977312,baseline,Diving-2OzlksZBTiA_0_processed.csv,TMobile1,Diving-2OzlksZBTiA
70,70.52,-8411.119623954433,-120.15885177077762,1999.3592148731243,28.351662150781685,73,36,0.6697247706422018,2100000000.0,262.5,0.75,3.722348269994328,predictive_with_content,Diving-2OzlksZBTiA_0_processed.csv,TMobile1,Diving-2OzlksZBTiA
70,70.52,-199.8624999999998,-2.855178571428569,127.875,1.8133153715258084,109,0,1.0,8400000000.0,1050.0,0.0,14.889393079977312,baseline,Diving-2OzlksZBTiA_0_processed.csv,bw3,Diving-2OzlksZBTiA
70,70.52,182.09375,2.601339285714286,0.9375,0.013294100964265457,73,36,0.6697247706422018,2100000000.0,262.5,0.75,3.722348269994328,predictive_with_content,Diving-2OzlksZBTiA_0_processed.csv,bw3,Diving-2OzlksZBTiA
70,70.52,-3868.299999999995,-55.2614285714285,981.0,13.910947249007375,109,0,1.0,8400000000.0,1050.0,0.0,14.889393079977312,baseline,Diving-2OzlksZBTiA_0_processed.csv,bw48,Diving-2OzlksZBTiA
70,70.52,-645.9250000000005,-9.227500000000008,193.5,2.7439024390243905,73,36,0.6697247706422018,2100000000.0,262.5,0.75,3.722348269994328,predictive_with_content,Diving-2OzlksZBTiA_0_processed.csv,bw48,Diving-2OzlksZBTiA
70,70.52,195.19999999999976,2.788571428571425,36.0,0.5104934770277936,109,0,1.0,8400000000.0,1050.0,0.0,14.889393079977312,baseline,Diving-2OzlksZBTiA_0_processed.csv,high_10mbps,Diving-2OzlksZBTiA
70,70.52,184.5125,2.635892857142857,0.375,0.005317640385706183,73,36,0.6697247706422018,2100000000.0,262.5,0.75,3.722348269994328,predictive_with_content,Diving-2OzlksZBTiA_0_processed.csv,high_10mbps,Diving-2OzlksZBTiA
70,70.52,-256.2999999999997,-3.6614285714285675,141.0,1.9994327850255247,109,0,1.0,8400000000.0,1050.0,0.0,14.889393079977312,baseline,Diving-2OzlksZBTiA_0_processed.csv,medium_5mbps,Diving-2OzlksZBTiA
70,70.52,182.9,2.612857142857143,0.75,0.010635280771412367,73,36,0.6697247706422018,2100000000.0,262.5,0.75,3.722348269994328,predictive_with_content,Diving-2OzlksZBTiA_0_processed.csv,medium_5mbps,Diving-2OzlksZBTiA
70,70.52,-1610.800000000002,-23.0114285714286,456.0,6.466250709018719,109,0,1.0,8400000000.0,1050.0,0.0,14.889393079977312,baseline,Diving-2OzlksZBTiA_0_processed.csv,low_2mbps,Diving-2OzlksZBTiA
70,70.52,-81.55000000000008,-1.1650000000000011,62.25,0.8827283040272264,73,36,0.6697247706422018,2100000000.0,262.5,0.75,3.722348269994328,predictive_with_content,Diving-2OzlksZBTiA_0_processed.csv,low_2mbps,Diving-2OzlksZBTiA
70,70.52,-64.41250000000005,-0.9201785714285722,96.375,1.366633579126489,109,0,1.0,8400000000.0,1050.0,0.0,14.889393079977312,baseline,Diving-2OzlksZBTiA_0_processed.csv,variable,Diving-2OzlksZBTiA
70,70.52,180.75,2.5821428571428573,1.25,0.017725467952353944,73,36,0.6697247706422018,2100000000.0,262.5,0.75,3.722348269994328,predictive_with_content,Diving-2OzlksZBTiA_0_processed.csv,variable,Diving-2OzlksZBTiA
77,77.77,-323345.21811562986,-4199.288546956232,75286.09723619297,968.0609134138225,151,0,1.0,9240000000.0,1155.0,0.0,14.851485148514852,baseline,Diving-2OzlksZBTiA_0_processed.csv,Verizon1,Diving-2OzlksZBTiA
77,77.77,-80675.65452890741,-1047.7357731026937,18764.524309048244,241.2822979175549,61,90,0.40397350993377484,2310000000.0,288.75,0.75,3.712871287128713,predictive_with_content,Diving-2OzlksZBTiA_0_processed.csv,Verizon1,Diving-2OzlksZBTiA
77,77.77,-210789.09628973555,-2737.5207310355268,49110.25495110124,631.4807117281888,151,0,1.0,9240000000.0,1155.0,0.0,14.851485148514852,baseline,Diving-2OzlksZBTiA_0_processed.csv,Verizon2,Diving-2OzlksZBTiA
77,77.77,-52540.87407243386,-682.3490139277125,12220.56373777531,157.13724749614647,60,91,0.3973509933774834,2310000000.0,288.75,0.75,3.712871287128713,predictive_with_content,Diving-2OzlksZBTiA_0_processed.csv,Verizon2,Diving-2OzlksZBTiA
77,77.77,-3326.417232176507,-43.20022379450009,863.1202865526758,11.098370664172249,151,0,1.0,9240000000.0,1155.0,0.0,14.851485148514852,baseline,Diving-2OzlksZBTiA_0_processed.csv,ATT2,Diving-2OzlksZBTiA
77,77.77,-670.9543080441268,-8.713692312261388,158.78007163816898,2.0416622301423297,61,90,0.40397350993377484,2310000000.0,288.75,0.75,3.712871287128713,predictive_with_content,Diving-2OzlksZBTiA_0_processed.csv,ATT2,Diving-2OzlksZBTiA
77,77.77,-38798.19182577339,-503.87262111394017,9112.370192040325,117.17076240247302,151,0,1.0,9240000000.0,1155.0,0.0,14.851485148514852,baseline,Diving-2OzlksZBTiA_0_processed.csv,ATT1,Diving-2OzlksZBTiA
77,77.77,-9543.147956443352,-123.93698644731626,2221.0925480100814,28.55976016471752,60,91,0.3973509933774834,2310000000.0,288.75,0.75,3.712871287128713,predictive_with_content,Diving-2OzlksZBTiA_0_processed.csv,ATT1,Diving-2OzlksZBTiA
77,77.77,-4804.030112586066,-62.390001462156704,1206.7511889735035,15.51692412207154,151,0,1.0,9240000000.0,1155.0,0.0,14.851485148514852,baseline,Diving-2OzlksZBTiA_0_processed.csv,TMobile2,Diving-2OzlksZBTiA
77,77.77,-1040.357528146516,-13.511136729175531,244.68779724337585,3.1463005946171516,61,90,0.40397350993377484,2310000000.0,288.75,0.75,3.712871287128713,predictive_with_content,Diving-2OzlksZBTiA_0_processed.csv,TMobile2,Diving-2OzlksZBTiA
77,77.77,-37718.67674000081,-489.8529446753352,8861.32017209321,113.94265362084622,151,0,1.0,9240000000.0,1155.0,0.0,14.851485148514852,baseline,Diving-2OzlksZBTiA_0_processed.csv,TMobile1,Diving-2OzlksZBTiA
77,77.77,-9273.269185000205,-120.432067337665,2158.330043023303,27.752732969310827,60,91,0.3973509933774834,2310000000.0,288.75,0.75,3.712871287128713,predictive_with_content,Diving-2OzlksZBTiA_0_processed.csv,TMobile1,Diving-2OzlksZBTiA
77,77.77,-223.44999999999973,-2.9019480519480485,141.5,1.8194676610518195,151,0,1.0,9240000000.0,1155.0,0.0,14.851485148514852,baseline,Diving-2OzlksZBTiA_0_processed.csv,bw3,Diving-2OzlksZBTiA
77,77.77,7.768749999999999,0.10089285714285713,0.9375,0.012054776906262055,61,90,0.40397350993377484,2310000000.0,288.75,0.75,3.712871287128713,predictive_with_content,Diving-2OzlksZBTiA_0_processed.csv,bw3,Diving-2OzlksZBTiA
77,77.77,-4254.699999999994,-55.25584415584408,1079.0,13.874244567313875,151,0,1.0,9240000000.0,1155.0,0.0,14.851485148514852,baseline,Diving-2OzlksZBTiA_0_processed.csv,bw48,Diving-2OzlksZBTiA
77,77.77,-903.0250000000011,-11.727597402597418,212.75,2.735630705927736,61,90,0.40397350993377484,2310000000.0,288.75,0.75,3.712871287128713,predictive_with_content,Diving-2OzlksZBTiA_0_processed.csv,bw48,Diving-2OzlksZBTiA
77,77.77,215.14999999999972,2.7941558441558407,39.5,0.5079079336505079,151,0,1.0,9240000000.0,1155.0,0.0,14.851485148514852,baseline,Diving-2OzlksZBTiA_0_processed.csv,high_10mbps,Diving-2OzlksZBTiA
77,77.77,10.187500000000002,0.13230519480519481,0.375,0.004821910762504822,61,90,0.40397350993377484,2310000000.0,288.75,0.75,3.712871287128713,predictive_with_content,Diving-2OzlksZBTiA_0_processed.csv,high_10mbps,Diving-2OzlksZBTiA
77,77.77,-281.4999999999999,-3.6558441558441546,155.0,1.9930564485019933,151,0,1.0,9240000000.0,1155.0,0.0,14.851485148514852,baseline,Diving-2OzlksZBTiA_0_processed.csv,medium_5mbps,Diving-2OzlksZBTiA
77,77.77,8.574999999999998,0.11136363636363633,0.75,0.009643821525009644,61,90,0.40397350993377484,2310000000.0,288.75,0.75,3.712871287128713,predictive_with_content,Diving-2OzlksZBTiA_0_processed.csv,medium_5mbps,Diving-2OzlksZBTiA
77,77.77,-1771.4500000000023,-23.005844155844187,501.5,6.448501993056449,151,0,1.0,9240000000.0,1155.0,0.0,14.851485148514852,baseline,Diving-2OzlksZBTiA_0_processed.csv,low_2mbps,Diving-2OzlksZBTiA
77,77.77,-282.21249999999964,-3.665097402597398,68.375,0.8791950623633792,61,90,0.40397350993377484,2310000000.0,288.75,0.75,3.712871287128713,predictive_with_content,Diving-2OzlksZBTiA_0_processed.csv,low_2mbps,Diving-2OzlksZBTiA
77,77.77,-75.63750000000006,-0.9823051948051956,107.125,1.3774591744888776,151,0,1.0,9240000000.0,1155.0,0.0,14.851485148514852,baseline,Diving-2OzlksZBTiA_0_processed.csv,variable,Diving-2OzlksZBTiA
77,77.77,2.174999999999999,0.028246753246753232,1.25,0.016073035875016073,60,91,0.3973509933774834,2310000000.0,288.75,0.75,3.712871287128713,predictive_with_content,Diving-2OzlksZBTiA_0_processed.csv,variable,Diving-2OzlksZBTiA
60,60.04,-213853.31811562966,-3564.2219685938276,49803.097236192974,829.4986215222015,76,0,1.0,7200000000.0,900.0,0.0,14.990006662225184,baseline,Diving-2OzlksZBTiA_0_processed.csv,Verizon1,Diving-2OzlksZBTiA
60,60.04,-53179.55452890745,-886.3259088151242,12406.524309048244,206.63764671965762,50,26,0.6578947368421053,1800000000.0,225.0,0.75,3.747501665556296,predictive_with_content,Diving-2OzlksZBTiA_0_processed.csv,Verizon1,Diving-2OzlksZBTiA
60,60.04,-128927.7348688035,-2148.795581146725,30052.96159739611,500.54899396062814,76,0,1.0,7200000000.0,900.0,0.0,14.990006662225184,baseline,Diving-2OzlksZBTiA_0_processed.csv,Verizon2,Diving-2OzlksZBTiA
60,60.04,-31948.15871720087,-532.4693119533479,7468.990399349028,124.4002398292643,50,26,0.6578947368421053,1800000000.0,225.0,0.75,3.747501665556296,predictive_with_content,Diving-2OzlksZBTiA_0_processed.csv,Verizon2,Diving-2OzlksZBTiA
60,60.04,-2429.1036418361787,-40.485060697269645,634.6752655432974,10.570873843159518,76,0,1.0,7200000000.0,900.0,0.0,14.990006662225184,baseline,Diving-2OzlksZBTiA_0_processed.csv,ATT2,Diving-2OzlksZBTiA
60,60.04,-323.50091045904475,-5.391681840984079,114.41881638582437,1.9057097998971415,50,26,0.6578947368421053,1800000000.0,225.0,0.75,3.747501665556296,predictive_with_content,Diving-2OzlksZBTiA_0_processed.csv,ATT2,Diving-2OzlksZBTiA
60,60.04,-23456.397588853808,-390.9399598142301,5524.743625314839,92.01771527839506,76,0,1.0,7200000000.0,900.0,0.0,14.990006662225184,baseline,Diving-2OzlksZBTiA_0_processed.csv,ATT1,Diving-2OzlksZBTiA
60,60.04,-5573.824397213448,-92.8970732868908,1336.9359063287095,22.26742015870602,51,25,0.6710526315789473,1800000000.0,225.0,0.75,3.747501665556296,predictive_with_content,Diving-2OzlksZBTiA_0_processed.csv,ATT1,Diving-2OzlksZBTiA
60,60.04,-3479.056116220876,-57.984268603681265,878.8502595862501,14.637745829218023,76,0,1.0,7200000000.0,900.0,0.0,14.990006662225184,baseline,Diving-2OzlksZBTiA_0_processed.csv,TMobile2,Diving-2OzlksZBTiA
60,60.04,-585.9890290552186,-9.766483817586977,175.46256489656255,2.922427796411768,50,26,0.6578947368421053,1800000000.0,225.0,0.75,3.747501665556296,predictive_with_content,Diving-2OzlksZBTiA_0_processed.csv,TMobile2,Diving-2OzlksZBTiA
60,60.04,-23955.515312427488,-399.2585885404581,5640.8175145180185,93.95099124780178,76,0,1.0,7200000000.0,900.0,0.0,14.990006662225184,baseline,Diving-2OzlksZBTiA_0_processed.csv,TMobile1,Diving-2OzlksZBTiA
60,60.04,-5705.103828106871,-95.08506380178119,1365.9543786295046,22.750739151057704,50,26,0.6578947368421053,1800000000.0,225.0,0.75,3.747501665556296,predictive_with_content,Diving-2OzlksZBTiA_0_processed.csv,TMobile1,Diving-2OzlksZBTiA
60,60.04,-171.92499999999993,-2.8654166666666656,109.75,1.827948034643571,76,0,1.0,7200000000.0,900.0,0.0,14.990006662225184,baseline,Diving-2OzlksZBTiA_0_processed.csv,bw3,Diving-2OzlksZBTiA
60,60.04,164.46875,2.7411458333333334,0.9375,0.015614590273151232,50,26,0.6578947368421053,1800000000.0,225.0,0.75,3.747501665556296,predictive_with_content,Diving-2OzlksZBTiA_0_processed.csv,bw3,Diving-2OzlksZBTiA
60,60.04,-3316.299999999997,-55.27166666666662,841.0,14.007328447701532,76,0,1.0,7200000000.0,900.0,0.0,14.990006662225184,baseline,Diving-2OzlksZBTiA_0_processed.csv,bw48,Diving-2OzlksZBTiA
60,60.04,-545.2999999999997,-9.08833333333333,166.0,2.764823451032645,50,26,0.6578947368421053,1800000000.0,225.0,0.75,3.747501665556296,predictive_with_content,Diving-2OzlksZBTiA_0_processed.csv,bw48,Diving-2OzlksZBTiA
60,60.04,166.69999999999982,2.77833333333333,31.0,0.5163224516988675,76,0,1.0,7200000000.0,900.0,0.0,14.990006662225184,baseline,Diving-2OzlksZBTiA_0_processed.csv,high_10mbps,Diving-2OzlksZBTiA
60,60.04,166.8875,2.781458333333333,0.375,0.006245836109260493,50,26,0.6578947368421053,1800000000.0,225.0,0.75,3.747501665556296,predictive_with_content,Diving-2OzlksZBTiA_0_processed.csv,high_10mbps,Diving-2OzlksZBTiA
60,60.04,-220.29999999999978,-3.671666666666663,121.0,2.015323117921386,76,0,1.0,7200000000.0,900.0,0.0,14.990006662225184,baseline,Diving-2OzlksZBTiA_0_processed.csv,medium_5mbps,Diving-2OzlksZBTiA
60,60.04,165.275,2.7545833333333336,0.75,0.012491672218520987,50,26,0.6578947368421053,1800000000.0,225.0,0.75,3.747501665556296,predictive_with_content,Diving-2OzlksZBTiA_0_processed.csv,medium_5mbps,Diving-2OzlksZBTiA
60,60.04,-1381.3000000000015,-23.021666666666693,391.0,6.512325116588941,76,0,1.0,7200000000.0,900.0,0.0,14.990006662225184,baseline,Diving-2OzlksZBTiA_0_processed.csv,low_2mbps,Diving-2OzlksZBTiA
60,60.04,-61.550000000000054,-1.0258333333333343,53.5,0.891072618254497,50,26,0.6578947368421053,1800000000.0,225.0,0.75,3.747501665556296,predictive_with_content,Diving-2OzlksZBTiA_0_processed.csv,low_2mbps,Diving-2OzlksZBTiA
60,60.04,-66.03750000000004,-1.1006250000000006,85.125,1.417804796802132,76,0,1.0,7200000000.0,900.0,0.0,14.990006662225184,baseline,Diving-2OzlksZBTiA_0_processed.csv,variable,Diving-2OzlksZBTiA
60,60.04,163.125,2.71875,1.25,0.020819453697534976,50,26,0.6578947368421053,1800000000.0,225.0,0.75,3.747501665556296,predictive_with_content,Diving-2OzlksZBTiA_0_processed.csv,variable,Diving-2OzlksZBTiA
60,60.02,-213853.31811562966,-3564.2219685938276,49803.097236192974,829.7750289269072,85,0,1.0,7200000000.0,900.0,0.0,14.995001666111296,baseline,Diving-2OzlksZBTiA_0_processed.csv,Verizon1,Diving-2OzlksZBTiA
60,60.02,-53167.30452890745,-886.1217421484575,12406.524309048244,206.706502983143,61,24,0.7176470588235294,1800000000.0,225.0,0.75,3.748750416527824,predictive_with_content,Diving-2OzlksZBTiA_0_processed.csv,Verizon1,Diving-2OzlksZBTiA
60,60.02,-128927.7348688035,-2148.795581146725,30052.96159739611,500.7157880272594,85,0,1.0,7200000000.0,900.0,0.0,14.995001666111296,baseline,Diving-2OzlksZBTiA_0_processed.csv,Verizon2,Diving-2OzlksZBTiA
60,60.02,-31935.90871720087,-532.2651452866811,7468.990399349028,124.44169275823104,61,24,0.7176470588235294,1800000000.0,225.0,0.75,3.748750416527824,predictive_with_content,Diving-2OzlksZBTiA_0_processed.csv,Verizon2,Diving-2OzlksZBTiA
60,60.02,-2429.1036418361787,-40.485060697269645,634.6752655432974,10.57439629362375,85,0,1.0,7200000000.0,900.0,0.0,14.995001666111296,baseline,Diving-2OzlksZBTiA_0_processed.csv,ATT2,Diving-2OzlksZBTiA
60,60.02,-311.25091045904463,-5.187515174317411,114.41881638582437,1.906344824822132,61,24,0.7176470588235294,1800000000.0,225.0,0.75,3.748750416527824,predictive_with_content,Diving-2OzlksZBTiA_0_processed.csv,ATT2,Diving-2OzlksZBTiA
60,60.02,-23456.397588853808,-390.9399598142301,5524.743625314839,92.04837762937085,85,0,1.0,7200000000.0,900.0,0.0,14.995001666111296,baseline,Diving-2OzlksZBTiA_0_processed.csv,ATT1,Diving-2OzlksZBTiA
60,60.02,-5568.074397213448,-92.80123995355747,1336.9359063287095,22.274840158758906,61,24,0.7176470588235294,1800000000.0,225.0,0.75,3.748750416527824,predictive_with_content,Diving-2OzlksZBTiA_0_processed.csv,ATT1,Diving-2OzlksZBTiA
60,60.02,-3479.056116220876,-57.984268603681265,878.8502595862501,14.642623451953517,85,0,1.0,7200000000.0,900.0,0.0,14.995001666111296,baseline,Diving-2OzlksZBTiA_0_processed.csv,TMobile2,Diving-2OzlksZBTiA
60,60.02,-573.7390290552186,-9.56231715092031,175.46256489656255,2.923401614404574,61,24,0.7176470588235294,1800000000.0,225.0,0.75,3.748750416527824,predictive_with_content,Diving-2OzlksZBTiA_0_processed.csv,TMobile2,Diving-2OzlksZBTiA
60,60.02,-23955.515312427488,-399.2585885404581,5640.8175145180185,93.98229780936384,85,0,1.0,7200000000.0,900.0,0.0,14.995001666111296,baseline,Diving-2OzlksZBTiA_0_processed.csv,TMobile1,Diving-2OzlksZBTiA
60,60.02,-5692.853828106871,-94.88089713511452,1365.9543786295046,22.758320203757158,61,24,0.7176470588235294,1800000000.0,225.0,0.75,3.748750416527824,predictive_with_content,Diving-2OzlksZBTiA_0_processed.csv,TMobile1,Diving-2OzlksZBTiA
60,60.02,-171.92499999999993,-2.8654166666666656,109.75,1.8285571476174607,85,0,1.0,7200000000.0,900.0,0.0,14.995001666111296,baseline,Diving-2OzlksZBTiA_0_processed.csv,bw3,Diving-2OzlksZBTiA
60,60.02,180.96875,3.0161458333333333,0.9375,0.015619793402199267,62,23,0.7294117647058823,1800000000.0,225.0,0.75,3.748750416527824,predictive_with_content,Diving-2OzlksZBTiA_0_processed.csv,bw3,Diving-2OzlksZBTiA
60,60.02,-3316.299999999997,-55.27166666666662,841.0,14.011996001332887,85,0,1.0,7200000000.0,900.0,0.0,14.995001666111296,baseline,Diving-2OzlksZBTiA_0_processed.csv,bw48,Diving-2OzlksZBTiA
60,60.02,-533.0499999999996,-8.88416666666666,166.0,2.7657447517494167,61,24,0.7176470588235294,1800000000.0,225.0,0.75,3.748750416527824,predictive_with_content,Diving-2OzlksZBTiA_0_processed.csv,bw48,Diving-2OzlksZBTiA
60,60.02,166.69999999999982,2.77833333333333,31.0,0.5164945018327224,85,0,1.0,7200000000.0,900.0,0.0,14.995001666111296,baseline,Diving-2OzlksZBTiA_0_processed.csv,high_10mbps,Diving-2OzlksZBTiA
60,60.02,183.3875,3.056458333333333,0.375,0.006247917360879707,62,23,0.7294117647058823,1800000000.0,225.0,0.75,3.748750416527824,predictive_with_content,Diving-2OzlksZBTiA_0_processed.csv,high_10mbps,Diving-2OzlksZBTiA
60,60.02,-220.29999999999978,-3.671666666666663,121.0,2.015994668443852,85,0,1.0,7200000000.0,900.0,0.0,14.995001666111296,baseline,Diving-2OzlksZBTiA_0_processed.csv,medium_5mbps,Diving-2OzlksZBTiA
60,60.02,177.525,2.95875,0.75,0.012495834721759413,61,24,0.7176470588235294,1800000000.0,225.0,0.75,3.748750416527824,predictive_with_content,Diving-2OzlksZBTiA_0_processed.csv,medium_5mbps,Diving-2OzlksZBTiA
60,60.02,-1381.3000000000015,-23.021666666666693,391.0,6.51449516827724,85,0,1.0,7200000000.0,900.0,0.0,14.995001666111296,baseline,Diving-2OzlksZBTiA_0_processed.csv,low_2mbps,Diving-2OzlksZBTiA
60,60.02,-49.300000000000054,-0.8216666666666675,53.5,0.8913695434855048,61,24,0.7176470588235294,1800000000.0,225.0,0.75,3.748750416527824,predictive_with_content,Diving-2OzlksZBTiA_0_processed.csv,low_2mbps,Diving-2OzlksZBTiA
60,60.02,-66.03750000000004,-1.1006250000000006,85.125,1.4182772409196933,85,0,1.0,7200000000.0,900.0,0.0,14.995001666111296,baseline,Diving-2OzlksZBTiA_0_processed.csv,variable,Diving-2OzlksZBTiA
60,60.02,179.625,2.99375,1.25,0.020826391202932355,62,23,0.7294117647058823,1800000000.0,225.0,0.75,3.748750416527824,predictive_with_content,Diving-2OzlksZBTiA_0_processed.csv,variable,Diving-2OzlksZBTiA
73,73.04,-297582.4181156298,-4076.4714810360247,69290.09723619297,948.6596007145806,142,0,1.0,8760000000.0,1095.0,0.0,14.991785323110623,baseline,Diving-2OzlksZBTiA_0_processed.csv,Verizon1,Diving-2OzlksZBTiA
73,73.04,-74259.27952890741,-1017.250404505581,17268.524309048244,236.42557925860135,53,89,0.3732394366197183,2190000000.0,273.75,0.75,3.7479463307776557,predictive_with_content,Diving-2OzlksZBTiA_0_processed.csv,Verizon1,Diving-2OzlksZBTiA
73,73.04,-201599.6920116607,-2761.639616598092,46968.53302596755,643.0522046271569,142,0,1.0,8760000000.0,1095.0,0.0,14.991785323110623,baseline,Diving-2OzlksZBTiA_0_processed.csv,Verizon2,Diving-2OzlksZBTiA
73,73.04,-50263.59800291514,-688.5424383960979,11688.133256491887,160.02373023674542,53,89,0.3732394366197183,2190000000.0,273.75,0.75,3.7479463307776557,predictive_with_content,Diving-2OzlksZBTiA_0_processed.csv,Verizon2,Diving-2OzlksZBTiA
73,73.04,-3141.8916641553446,-43.039611837744445,815.5562009663591,11.165884460108968,142,0,1.0,8760000000.0,1095.0,0.0,14.991785323110623,baseline,Diving-2OzlksZBTiA_0_processed.csv,ATT2,Diving-2OzlksZBTiA
73,73.04,-653.3979160388363,-8.950656384093648,149.8890502415898,2.052150194983431,52,90,0.36619718309859156,2190000000.0,273.75,0.75,3.7479463307776557,predictive_with_content,Diving-2OzlksZBTiA_0_processed.csv,ATT2,Diving-2OzlksZBTiA
73,73.04,-37371.986616851886,-511.945022148656,8776.04339926788,120.15393482020646,142,0,1.0,8760000000.0,1095.0,0.0,14.991785323110623,baseline,Diving-2OzlksZBTiA_0_processed.csv,ATT1,Diving-2OzlksZBTiA
73,73.04,-9210.92165421297,-126.17700896182151,2140.01084981697,29.299162785007805,52,90,0.36619718309859156,2190000000.0,273.75,0.75,3.7479463307776557,predictive_with_content,Diving-2OzlksZBTiA_0_processed.csv,ATT1,Diving-2OzlksZBTiA
73,73.04,-4525.024587450688,-61.986638184256,1137.2150203373692,15.569756576360476,142,0,1.0,8760000000.0,1095.0,0.0,14.991785323110623,baseline,Diving-2OzlksZBTiA_0_processed.csv,TMobile2,Diving-2OzlksZBTiA
73,73.04,-999.1811468626719,-13.687412970721532,230.3037550843423,3.1531182240463074,52,90,0.36619718309859156,2190000000.0,273.75,0.75,3.7479463307776557,predictive_with_content,Diving-2OzlksZBTiA_0_processed.csv,TMobile2,Diving-2OzlksZBTiA
73,73.04,-36211.98106852466,-496.05453518526934,8506.27466709876,116.46049653749671,142,0,1.0,8760000000.0,1095.0,0.0,14.991785323110623,baseline,Diving-2OzlksZBTiA_0_processed.csv,TMobile1,Diving-2OzlksZBTiA
73,73.04,-8916.67026713117,-122.14616804289274,2072.5686667746904,28.37580321433037,53,89,0.3732394366197183,2190000000.0,273.75,0.75,3.7479463307776557,predictive_with_content,Diving-2OzlksZBTiA_0_processed.csv,TMobile1,Diving-2OzlksZBTiA
73,73.04,-212.27499999999978,-2.907876712328764,134.25,1.8380339539978092,142,0,1.0,8760000000.0,1095.0,0.0,14.991785323110623,baseline,Diving-2OzlksZBTiA_0_processed.csv,bw3,Diving-2OzlksZBTiA
73,73.04,-12.90625,-0.17679794520547945,0.9375,0.012835432639649506,52,90,0.36619718309859156,2190000000.0,273.75,0.75,3.7479463307776557,predictive_with_content,Diving-2OzlksZBTiA_0_processed.csv,bw3,Diving-2OzlksZBTiA
73,73.04,-4033.8999999999946,-55.25890410958897,1023.0,14.006024096385541,142,0,1.0,8760000000.0,1095.0,0.0,14.991785323110623,baseline,Diving-2OzlksZBTiA_0_processed.csv,bw48,Diving-2OzlksZBTiA
73,73.04,-876.4000000000011,-12.005479452054809,201.75,2.762185104052574,52,90,0.36619718309859156,2190000000.0,273.75,0.75,3.7479463307776557,predictive_with_content,Diving-2OzlksZBTiA_0_processed.csv,bw48,Diving-2OzlksZBTiA
73,73.04,203.74999999999974,2.7910958904109555,37.5,0.5134173055859802,142,0,1.0,8760000000.0,1095.0,0.0,14.991785323110623,baseline,Diving-2OzlksZBTiA_0_processed.csv,high_10mbps,Diving-2OzlksZBTiA
73,73.04,-6.237499999999997,-0.08544520547945202,0.375,0.005134173055859803,53,89,0.3732394366197183,2190000000.0,273.75,0.75,3.7479463307776557,predictive_with_content,Diving-2OzlksZBTiA_0_processed.csv,high_10mbps,Diving-2OzlksZBTiA
73,73.04,-267.0999999999998,-3.6589041095890384,147.0,2.0125958378970425,142,0,1.0,8760000000.0,1095.0,0.0,14.991785323110623,baseline,Diving-2OzlksZBTiA_0_processed.csv,medium_5mbps,Diving-2OzlksZBTiA
73,73.04,-12.100000000000001,-0.16575342465753426,0.75,0.010268346111719605,52,90,0.36619718309859156,2190000000.0,273.75,0.75,3.7479463307776557,predictive_with_content,Diving-2OzlksZBTiA_0_processed.csv,medium_5mbps,Diving-2OzlksZBTiA
73,73.04,-1679.6500000000021,-23.00890410958907,475.5,6.510131434830229,142,0,1.0,8760000000.0,1095.0,0.0,14.991785323110623,baseline,Diving-2OzlksZBTiA_0_processed.csv,low_2mbps,Diving-2OzlksZBTiA
73,73.04,-287.83749999999964,-3.9429794520547894,64.875,0.8882119386637458,52,90,0.36619718309859156,2190000000.0,273.75,0.75,3.7479463307776557,predictive_with_content,Diving-2OzlksZBTiA_0_processed.csv,low_2mbps,Diving-2OzlksZBTiA
73,73.04,-82.20000000000006,-1.1260273972602748,104.0,1.4238773274917853,142,0,1.0,8760000000.0,1095.0,0.0,14.991785323110623,baseline,Diving-2OzlksZBTiA_0_processed.csv,variable,Diving-2OzlksZBTiA
73,73.04,-10.0,-0.136986301369863,1.25,0.01711391018619934,53,89,0.3732394366197183,2190000000.0,273.75,0.75,3.7479463307776557,predictive_with_content,Diving-2OzlksZBTiA_0_processed.csv,variable,Diving-2OzlksZBTiA
