num_segments,video_duration,total_qoe,avg_qoe_per_segment,total_rebuf_time,rebuf_ratio,stall_events,stall_frequency,avg_weighted_quality_kbps,weighted_quality_mbps,viewport_hits,viewport_misses,viewport_hit_rate,segments_with_user_data,user_data_coverage,total_wasted_bits,wasted_bits_ratio,total_unpredicted_latency,avg_unpredicted_latency_per_segment,total_bits_downloaded,total_mb_downloaded,bandwidth_savings,avg_bandwidth_mbps,approach,user_trace_file,network_trace,video_id
77,77.60000000000001,-323345.21811562986,-4199.288546956232,75286.09723619297,970.1816654148578,77,1.0,5000.0,5.0,138,0,1.0,77,1.0,7695000000.0,0.8327922077922078,0.0,0.0,9240000000.0,1155.0,0.0,14.884020618556699,baseline,Paris-sJxiPiAaB4k_0_processed.csv,Verizon1,sJxiPiAaB4k
77,77.60000000000001,-80596.8695289074,-1046.7125912845115,18764.524309048244,241.81088027124022,77,1.0,3062.6623376623374,3.0626623376623376,67,71,0.4855072463768116,77,1.0,1084500000.0,0.4694805194805195,6.150000000000004,0.07987012987012992,2310000000.0,288.75,0.75,3.7210051546391747,predictive_with_content,Paris-sJxiPiAaB4k_0_processed.csv,Verizon1,sJxiPiAaB4k
77,77.60000000000001,-210789.09628973555,-2737.5207310355268,49110.25495110124,632.8641101946035,77,1.0,5000.0,5.0,138,0,1.0,77,1.0,7695000000.0,0.8327922077922078,0.0,0.0,9240000000.0,1155.0,0.0,14.884020618556699,baseline,Paris-sJxiPiAaB4k_0_processed.csv,Verizon2,sJxiPiAaB4k
77,77.60000000000001,-52457.83907243384,-681.2706373043355,12220.56373777531,157.48149146617666,77,1.0,3062.6623376623374,3.0626623376623376,67,71,0.4855072463768116,77,1.0,1084500000.0,0.4694805194805195,6.150000000000004,0.07987012987012992,2310000000.0,288.75,0.75,3.7210051546391747,predictive_with_content,Paris-sJxiPiAaB4k_0_processed.csv,Verizon2,sJxiPiAaB4k
77,77.60000000000001,-3326.417232176507,-43.20022379450009,863.1202865526758,11.122684105060253,77,1.0,5000.0,5.0,138,0,1.0,77,1.0,7695000000.0,0.8327922077922078,0.0,0.0,9240000000.0,1155.0,0.0,14.884020618556699,baseline,Paris-sJxiPiAaB4k_0_processed.csv,ATT2,sJxiPiAaB4k
77,77.60000000000001,-592.1693080441265,-7.690510494079565,158.78007163816898,2.046134943790837,77,1.0,3062.6623376623374,3.0626623376623376,67,71,0.4855072463768116,77,1.0,1084500000.0,0.4694805194805195,6.150000000000004,0.07987012987012992,2310000000.0,288.75,0.75,3.7210051546391747,predictive_with_content,Paris-sJxiPiAaB4k_0_processed.csv,ATT2,sJxiPiAaB4k
77,77.60000000000001,-38798.19182577339,-503.87262111394017,9112.370192040325,117.4274509283547,77,1.0,5000.0,5.0,138,0,1.0,77,1.0,7695000000.0,0.8327922077922078,0.0,0.0,9240000000.0,1155.0,0.0,14.884020618556699,baseline,Paris-sJxiPiAaB4k_0_processed.csv,ATT1,sJxiPiAaB4k
77,77.60000000000001,-9460.11295644335,-122.85860982393962,2221.0925480100814,28.622326649614447,77,1.0,3062.6623376623374,3.0626623376623376,67,71,0.4855072463768116,77,1.0,1084500000.0,0.4694805194805195,6.150000000000004,0.07987012987012992,2310000000.0,288.75,0.75,3.7210051546391747,predictive_with_content,Paris-sJxiPiAaB4k_0_processed.csv,ATT1,sJxiPiAaB4k
77,77.60000000000001,-4804.030112586066,-62.390001462156704,1206.7511889735035,15.550917383679167,77,1.0,5000.0,5.0,138,0,1.0,77,1.0,7695000000.0,0.8327922077922078,0.0,0.0,9240000000.0,1155.0,0.0,14.884020618556699,baseline,Paris-sJxiPiAaB4k_0_processed.csv,TMobile2,sJxiPiAaB4k
77,77.60000000000001,-961.5725281465161,-12.487954910993716,244.68779724337585,3.153193263445565,77,1.0,3062.6623376623374,3.0626623376623376,67,71,0.4855072463768116,77,1.0,1084500000.0,0.4694805194805195,6.150000000000004,0.07987012987012992,2310000000.0,288.75,0.75,3.7210051546391747,predictive_with_content,Paris-sJxiPiAaB4k_0_processed.csv,TMobile2,sJxiPiAaB4k
77,77.60000000000001,-37718.67674000081,-489.8529446753352,8861.32017209321,114.1922702589331,77,1.0,5000.0,5.0,138,0,1.0,77,1.0,7695000000.0,0.8327922077922078,0.0,0.0,9240000000.0,1155.0,0.0,14.884020618556699,baseline,Paris-sJxiPiAaB4k_0_processed.csv,TMobile1,sJxiPiAaB4k
77,77.60000000000001,-9190.234185000205,-119.35369071428838,2158.330043023303,27.813531482259055,77,1.0,3062.6623376623374,3.0626623376623376,67,71,0.4855072463768116,77,1.0,1084500000.0,0.4694805194805195,6.150000000000004,0.07987012987012992,2310000000.0,288.75,0.75,3.7210051546391747,predictive_with_content,Paris-sJxiPiAaB4k_0_processed.csv,TMobile1,sJxiPiAaB4k
77,77.60000000000001,-12518.962705627471,-162.58393124191522,3000.9215594482484,38.67166958051866,20,0.2597402597402597,5000.0,5.0,138,0,1.0,77,1.0,7695000000.0,0.8327922077922078,0.0,0.0,9240000000.0,1155.0,0.0,14.884020618556699,baseline,Paris-sJxiPiAaB4k_0_processed.csv,fcc_train_trace_10719_htt,sJxiPiAaB4k
77,77.60000000000001,-2929.064250124817,-38.03979545616646,702.2440116569339,9.049536232692446,6,0.07792207792207792,3062.6623376623374,3.0626623376623376,67,71,0.4855072463768116,77,1.0,1084500000.0,0.4694805194805195,6.150000000000004,0.07987012987012992,2310000000.0,288.75,0.75,3.7210051546391747,predictive_with_content,Paris-sJxiPiAaB4k_0_processed.csv,fcc_train_trace_10719_htt,sJxiPiAaB4k
77,77.60000000000001,-12413.443398152223,-161.21355062535355,2976.3821856167965,38.35544053629892,14,0.18181818181818182,5000.0,5.0,138,0,1.0,77,1.0,7695000000.0,0.8327922077922078,0.0,0.0,9240000000.0,1155.0,0.0,14.884020618556699,baseline,Paris-sJxiPiAaB4k_0_processed.csv,fcc_train_trace_14677_htt,sJxiPiAaB4k
77,77.60000000000001,-2908.0392423951994,-37.76674340772986,697.3544749756276,8.986526739376643,4,0.05194805194805195,3062.6623376623374,3.0626623376623376,67,71,0.4855072463768116,77,1.0,1084500000.0,0.4694805194805195,6.150000000000004,0.07987012987012992,2310000000.0,288.75,0.75,3.7210051546391747,predictive_with_content,Paris-sJxiPiAaB4k_0_processed.csv,fcc_train_trace_14677_htt,sJxiPiAaB4k
77,77.60000000000001,-12477.811992422001,-162.04950639509093,2991.351626144651,38.548345697740345,18,0.23376623376623376,5000.0,5.0,138,0,1.0,77,1.0,7695000000.0,0.8327922077922078,0.0,0.0,9240000000.0,1155.0,0.0,14.884020618556699,baseline,Paris-sJxiPiAaB4k_0_processed.csv,fcc_train_trace_158454_ht,sJxiPiAaB4k
77,77.60000000000001,-2921.142565205068,-37.93691643123465,700.4017593500156,9.02579586791257,4,0.05194805194805195,3062.6623376623374,3.0626623376623376,67,71,0.4855072463768116,77,1.0,1084500000.0,0.4694805194805195,6.150000000000004,0.07987012987012992,2310000000.0,288.75,0.75,3.7210051546391747,predictive_with_content,Paris-sJxiPiAaB4k_0_processed.csv,fcc_train_trace_158454_ht,sJxiPiAaB4k
77,77.60000000000001,-13157.98466438832,-170.88291771932882,3149.5313172996075,40.58674377963411,53,0.6883116883116883,5000.0,5.0,138,0,1.0,77,1.0,7695000000.0,0.8327922077922078,0.0,0.0,9240000000.0,1155.0,0.0,14.884020618556699,baseline,Paris-sJxiPiAaB4k_0_processed.csv,fcc_test_trace_216208_ht,sJxiPiAaB4k
77,77.60000000000001,-3059.851344668508,-39.73832915153906,732.6596150391874,9.44148988452561,16,0.2077922077922078,3062.6623376623374,3.0626623376623376,67,71,0.4855072463768116,77,1.0,1084500000.0,0.4694805194805195,6.150000000000004,0.07987012987012992,2310000000.0,288.75,0.75,3.7210051546391747,predictive_with_content,Paris-sJxiPiAaB4k_0_processed.csv,fcc_test_trace_216208_ht,sJxiPiAaB4k
77,77.60000000000001,-12551.37809336481,-163.0049103034391,3008.4600217127463,38.768814712793116,24,0.3116883116883117,5000.0,5.0,138,0,1.0,77,1.0,7695000000.0,0.8327922077922078,0.0,0.0,9240000000.0,1155.0,0.0,14.884020618556699,baseline,Paris-sJxiPiAaB4k_0_processed.csv,fcc_test_trace_244754_ht,sJxiPiAaB4k
77,77.60000000000001,-2934.5189899162947,-38.11063623267915,703.5125557944868,9.06588345095988,6,0.07792207792207792,3062.6623376623374,3.0626623376623376,67,71,0.4855072463768116,77,1.0,1084500000.0,0.4694805194805195,6.150000000000004,0.07987012987012992,2310000000.0,288.75,0.75,3.7210051546391747,predictive_with_content,Paris-sJxiPiAaB4k_0_processed.csv,fcc_test_trace_244754_ht,sJxiPiAaB4k
77,77.60000000000001,-12514.04221814001,-162.52002880701312,2999.7772600325593,38.65692345402782,20,0.2597402597402597,5000.0,5.0,138,0,1.0,77,1.0,7695000000.0,0.8327922077922078,0.0,0.0,9240000000.0,1155.0,0.0,14.884020618556699,baseline,Paris-sJxiPiAaB4k_0_processed.csv,fcc_test_trace_27051_htt,sJxiPiAaB4k
77,77.60000000000001,-2928.069318063141,-38.02687426056028,702.0126321077068,9.046554537470447,6,0.07792207792207792,3062.6623376623374,3.0626623376623376,67,71,0.4855072463768116,77,1.0,1084500000.0,0.4694805194805195,6.150000000000004,0.07987012987012992,2310000000.0,288.75,0.75,3.7210051546391747,predictive_with_content,Paris-sJxiPiAaB4k_0_processed.csv,fcc_test_trace_27051_htt,sJxiPiAaB4k
77,77.75,-323345.21811562986,-4199.288546956232,75286.09723619297,968.3099322983019,77,1.0,5000.0,5.0,145,0,1.0,77,1.0,7663500000.0,0.8293831168831168,0.0,0.0,9240000000.0,1155.0,0.0,14.855305466237942,baseline,Paris-sJxiPiAaB4k_0_processed.csv,Verizon1,sJxiPiAaB4k
77,77.75,-80596.79952890737,-1046.7116821936022,18764.524309048244,241.34436410351438,77,1.0,3134.945317840055,3.134945317840055,73,72,0.503448275862069,77,1.0,1057500000.0,0.4577922077922078,6.450000000000005,0.08376623376623382,2310000000.0,288.75,0.75,3.7138263665594855,predictive_with_content,Paris-sJxiPiAaB4k_0_processed.csv,Verizon1,sJxiPiAaB4k
77,77.75,-210789.09628973555,-2737.5207310355268,49110.25495110124,631.6431504964789,77,1.0,5000.0,5.0,145,0,1.0,77,1.0,7663500000.0,0.8293831168831168,0.0,0.0,9240000000.0,1155.0,0.0,14.855305466237942,baseline,Paris-sJxiPiAaB4k_0_processed.csv,Verizon2,sJxiPiAaB4k
77,77.75,-52457.76907243386,-681.2697282134268,12220.56373777531,157.17766865305865,77,1.0,3134.945317840055,3.134945317840055,73,72,0.503448275862069,77,1.0,1057500000.0,0.4577922077922078,6.450000000000005,0.08376623376623382,2310000000.0,288.75,0.75,3.7138263665594855,predictive_with_content,Paris-sJxiPiAaB4k_0_processed.csv,Verizon2,sJxiPiAaB4k
77,77.75,-3326.417232176507,-43.20022379450009,863.1202865526758,11.10122555051673,77,1.0,5000.0,5.0,145,0,1.0,77,1.0,7663500000.0,0.8293831168831168,0.0,0.0,9240000000.0,1155.0,0.0,14.855305466237942,baseline,Paris-sJxiPiAaB4k_0_processed.csv,ATT2,sJxiPiAaB4k
77,77.75,-592.0993080441266,-7.689601403170475,158.78007163816898,2.0421874165680896,77,1.0,3134.945317840055,3.134945317840055,73,72,0.503448275862069,77,1.0,1057500000.0,0.4577922077922078,6.450000000000005,0.08376623376623382,2310000000.0,288.75,0.75,3.7138263665594855,predictive_with_content,Paris-sJxiPiAaB4k_0_processed.csv,ATT2,sJxiPiAaB4k
77,77.75,-38798.19182577339,-503.87262111394017,9112.370192040325,117.20090279151545,77,1.0,5000.0,5.0,145,0,1.0,77,1.0,7663500000.0,0.8293831168831168,0.0,0.0,9240000000.0,1155.0,0.0,14.855305466237942,baseline,Paris-sJxiPiAaB4k_0_processed.csv,ATT1,sJxiPiAaB4k
77,77.75,-9460.042956443349,-122.8577007330305,2221.0925480100814,28.567106726817766,77,1.0,3134.945317840055,3.134945317840055,73,72,0.503448275862069,77,1.0,1057500000.0,0.4577922077922078,6.450000000000005,0.08376623376623382,2310000000.0,288.75,0.75,3.7138263665594855,predictive_with_content,Paris-sJxiPiAaB4k_0_processed.csv,ATT1,sJxiPiAaB4k
77,77.75,-4804.030112586066,-62.390001462156704,1206.7511889735035,15.52091561380712,77,1.0,5000.0,5.0,145,0,1.0,77,1.0,7663500000.0,0.8293831168831168,0.0,0.0,9240000000.0,1155.0,0.0,14.855305466237942,baseline,Paris-sJxiPiAaB4k_0_processed.csv,TMobile2,sJxiPiAaB4k
77,77.75,-961.5025281465162,-12.487045820084626,244.68779724337585,3.1471099323906864,77,1.0,3134.945317840055,3.134945317840055,73,72,0.503448275862069,77,1.0,1057500000.0,0.4577922077922078,6.450000000000005,0.08376623376623382,2310000000.0,288.75,0.75,3.7138263665594855,predictive_with_content,Paris-sJxiPiAaB4k_0_processed.csv,TMobile2,sJxiPiAaB4k
77,77.75,-37718.67674000081,-489.8529446753352,8861.32017209321,113.97196362820848,77,1.0,5000.0,5.0,145,0,1.0,77,1.0,7663500000.0,0.8293831168831168,0.0,0.0,9240000000.0,1155.0,0.0,14.855305466237942,baseline,Paris-sJxiPiAaB4k_0_processed.csv,TMobile1,sJxiPiAaB4k
77,77.75,-9190.164185000203,-119.35278162337926,2158.330043023303,27.759871935991036,77,1.0,3134.945317840055,3.134945317840055,73,72,0.503448275862069,77,1.0,1057500000.0,0.4577922077922078,6.450000000000005,0.08376623376623382,2310000000.0,288.75,0.75,3.7138263665594855,predictive_with_content,Paris-sJxiPiAaB4k_0_processed.csv,TMobile1,sJxiPiAaB4k
77,77.75,-12518.962705627471,-162.58393124191522,3000.9215594482484,38.59706185785529,20,0.2597402597402597,5000.0,5.0,145,0,1.0,77,1.0,7663500000.0,0.8293831168831168,0.0,0.0,9240000000.0,1155.0,0.0,14.855305466237942,baseline,Paris-sJxiPiAaB4k_0_processed.csv,fcc_train_trace_10719_htt,sJxiPiAaB4k
77,77.75,-2928.9942501248174,-38.03888636525737,702.2440116569339,9.032077320346417,6,0.07792207792207792,3134.945317840055,3.134945317840055,73,72,0.503448275862069,77,1.0,1057500000.0,0.4577922077922078,6.450000000000005,0.08376623376623382,2310000000.0,288.75,0.75,3.7138263665594855,predictive_with_content,Paris-sJxiPiAaB4k_0_processed.csv,fcc_train_trace_10719_htt,sJxiPiAaB4k
77,77.75,-12413.443398152223,-161.21355062535355,2976.3821856167965,38.28144290182375,14,0.18181818181818182,5000.0,5.0,145,0,1.0,77,1.0,7663500000.0,0.8293831168831168,0.0,0.0,9240000000.0,1155.0,0.0,14.855305466237942,baseline,Paris-sJxiPiAaB4k_0_processed.csv,fcc_train_trace_14677_htt,sJxiPiAaB4k
77,77.75,-2907.9692423952,-37.76583431682078,697.3544749756276,8.969189388754053,4,0.05194805194805195,3134.945317840055,3.134945317840055,73,72,0.503448275862069,77,1.0,1057500000.0,0.4577922077922078,6.450000000000005,0.08376623376623382,2310000000.0,288.75,0.75,3.7138263665594855,predictive_with_content,Paris-sJxiPiAaB4k_0_processed.csv,fcc_train_trace_14677_htt,sJxiPiAaB4k
77,77.75,-12477.811992422001,-162.04950639509093,2991.351626144651,38.47397589896657,18,0.23376623376623376,5000.0,5.0,145,0,1.0,77,1.0,7663500000.0,0.8293831168831168,0.0,0.0,9240000000.0,1155.0,0.0,14.855305466237942,baseline,Paris-sJxiPiAaB4k_0_processed.csv,fcc_train_trace_158454_ht,sJxiPiAaB4k
77,77.75,-2921.0725652050687,-37.93600734032557,700.4017593500156,9.008382756913385,4,0.05194805194805195,3134.945317840055,3.134945317840055,73,72,0.503448275862069,77,1.0,1057500000.0,0.4577922077922078,6.450000000000005,0.08376623376623382,2310000000.0,288.75,0.75,3.7138263665594855,predictive_with_content,Paris-sJxiPiAaB4k_0_processed.csv,fcc_train_trace_158454_ht,sJxiPiAaB4k
77,77.75,-13157.98466438832,-170.88291771932882,3149.5313172996075,40.50844138005926,53,0.6883116883116883,5000.0,5.0,145,0,1.0,77,1.0,7663500000.0,0.8293831168831168,0.0,0.0,9240000000.0,1155.0,0.0,14.855305466237942,baseline,Paris-sJxiPiAaB4k_0_processed.csv,fcc_test_trace_216208_ht,sJxiPiAaB4k
77,77.75,-3059.781344668508,-39.73742006062998,732.6596150391874,9.423274791500804,16,0.2077922077922078,3134.945317840055,3.134945317840055,73,72,0.503448275862069,77,1.0,1057500000.0,0.4577922077922078,6.450000000000005,0.08376623376623382,2310000000.0,288.75,0.75,3.7138263665594855,predictive_with_content,Paris-sJxiPiAaB4k_0_processed.csv,fcc_test_trace_216208_ht,sJxiPiAaB4k
77,77.75,-12551.37809336481,-163.0049103034391,3008.4600217127463,38.69401957186812,24,0.3116883116883117,5000.0,5.0,145,0,1.0,77,1.0,7663500000.0,0.8293831168831168,0.0,0.0,9240000000.0,1155.0,0.0,14.855305466237942,baseline,Paris-sJxiPiAaB4k_0_processed.csv,fcc_test_trace_244754_ht,sJxiPiAaB4k
77,77.75,-2934.448989916295,-38.109727141770065,703.5125557944868,9.048393000572178,6,0.07792207792207792,3134.945317840055,3.134945317840055,73,72,0.503448275862069,77,1.0,1057500000.0,0.4577922077922078,6.450000000000005,0.08376623376623382,2310000000.0,288.75,0.75,3.7138263665594855,predictive_with_content,Paris-sJxiPiAaB4k_0_processed.csv,fcc_test_trace_244754_ht,sJxiPiAaB4k
77,77.75,-12514.04221814001,-162.52002880701312,2999.7772600325593,38.58234418048308,20,0.2597402597402597,5000.0,5.0,145,0,1.0,77,1.0,7663500000.0,0.8293831168831168,0.0,0.0,9240000000.0,1155.0,0.0,14.855305466237942,baseline,Paris-sJxiPiAaB4k_0_processed.csv,fcc_test_trace_27051_htt,sJxiPiAaB4k
77,77.75,-2927.9993180631413,-38.02596516965119,702.0126321077068,9.029101377591084,6,0.07792207792207792,3134.945317840055,3.134945317840055,73,72,0.503448275862069,77,1.0,1057500000.0,0.4577922077922078,6.450000000000005,0.08376623376623382,2310000000.0,288.75,0.75,3.7138263665594855,predictive_with_content,Paris-sJxiPiAaB4k_0_processed.csv,fcc_test_trace_27051_htt,sJxiPiAaB4k
36,36.68,-180737.14570946957,-5020.4762697074875,42073.754816155735,1147.0489317381607,36,1.0,5000.0,5.0,49,0,1.0,36,1.0,3667500000.0,0.8489583333333334,0.0,0.0,4320000000.0,540.0,0.0,14.721919302071974,baseline,Paris-sJxiPiAaB4k_0_processed.csv,Verizon1,sJxiPiAaB4k
36,36.68,-44988.06142736741,-1249.668372982428,10492.188704038934,286.04658407957834,36,1.0,4230.0,4.23,39,10,0.7959183673469388,36,1.0,472500000.0,0.4375,1.4999999999999998,0.04166666666666666,1080000000.0,135.0,0.75,3.6804798255179936,predictive_with_content,Paris-sJxiPiAaB4k_0_processed.csv,Verizon1,sJxiPiAaB4k
36,36.68,-108231.20258425949,-3006.422294007208,25211.907577734743,687.347534834644,36,1.0,5000.0,5.0,49,0,1.0,36,1.0,3667500000.0,0.8489583333333334,0.0,0.0,4320000000.0,540.0,0.0,14.721919302071974,baseline,Paris-sJxiPiAaB4k_0_processed.csv,Verizon2,sJxiPiAaB4k
36,36.68,-26861.575646064874,-746.1548790573576,6276.726894433686,171.12123485369918,36,1.0,4230.0,4.23,39,10,0.7959183673469388,36,1.0,472500000.0,0.4375,1.4999999999999998,0.04166666666666666,1080000000.0,135.0,0.75,3.6804798255179936,predictive_with_content,Paris-sJxiPiAaB4k_0_processed.csv,Verizon2,sJxiPiAaB4k
36,36.68,-1666.035444841922,-46.27876235672006,429.3105685678888,11.704213974042771,36,1.0,5000.0,5.0,49,0,1.0,36,1.0,3667500000.0,0.8489583333333334,0.0,0.0,4320000000.0,540.0,0.0,14.721919302071974,baseline,Paris-sJxiPiAaB4k_0_processed.csv,ATT2,sJxiPiAaB4k
36,36.68,-220.28386121048052,-6.11899614473557,81.07764214197222,2.210404638548861,36,1.0,4230.0,4.23,39,10,0.7959183673469388,36,1.0,472500000.0,0.4375,1.4999999999999998,0.04166666666666666,1080000000.0,135.0,0.75,3.6804798255179936,predictive_with_content,Paris-sJxiPiAaB4k_0_processed.csv,ATT2,sJxiPiAaB4k
36,36.68,-20000.604390592576,-555.5723441831271,4693.163811765717,127.9488498300359,36,1.0,5000.0,5.0,49,0,1.0,36,1.0,3667500000.0,0.8489583333333334,0.0,0.0,4320000000.0,540.0,0.0,14.721919302071974,baseline,Paris-sJxiPiAaB4k_0_processed.csv,ATT1,sJxiPiAaB4k
36,36.68,-4803.926097648144,-133.44239160133733,1147.040952941429,31.271563602547136,36,1.0,4230.0,4.23,39,10,0.7959183673469388,36,1.0,472500000.0,0.4375,1.4999999999999998,0.04166666666666666,1080000000.0,135.0,0.75,3.6804798255179936,predictive_with_content,Paris-sJxiPiAaB4k_0_processed.csv,ATT1,sJxiPiAaB4k
36,36.68,-2387.89415586634,-66.33039321850944,597.1846874107767,16.28093477128617,36,1.0,5000.0,5.0,49,0,1.0,36,1.0,3667500000.0,0.8489583333333334,0.0,0.0,4320000000.0,540.0,0.0,14.721919302071974,baseline,Paris-sJxiPiAaB4k_0_processed.csv,TMobile2,sJxiPiAaB4k
36,36.68,-400.7485389665851,-11.13190386018292,123.0461718526942,3.354584837859711,36,1.0,4230.0,4.23,39,10,0.7959183673469388,36,1.0,472500000.0,0.4375,1.4999999999999998,0.04166666666666666,1080000000.0,135.0,0.75,3.6804798255179936,predictive_with_content,Paris-sJxiPiAaB4k_0_processed.csv,TMobile2,sJxiPiAaB4k
36,36.68,-19240.465637631325,-534.4573788230923,4516.387357588678,123.12942632466408,36,1.0,5000.0,5.0,49,0,1.0,36,1.0,3667500000.0,0.8489583333333334,0.0,0.0,4320000000.0,540.0,0.0,14.721919302071974,baseline,Paris-sJxiPiAaB4k_0_processed.csv,TMobile1,sJxiPiAaB4k
36,36.68,-4613.891409407831,-128.16365026132863,1102.8468393971696,30.066707726204186,36,1.0,4230.0,4.23,39,10,0.7959183673469388,36,1.0,472500000.0,0.4375,1.4999999999999998,0.04166666666666666,1080000000.0,135.0,0.75,3.6804798255179936,predictive_with_content,Paris-sJxiPiAaB4k_0_processed.csv,TMobile1,sJxiPiAaB4k
36,36.68,-6340.715705128205,-176.1309918091168,1516.445512820513,41.34257123283841,10,0.2777777777777778,5000.0,5.0,49,0,1.0,36,1.0,3667500000.0,0.8489583333333334,0.0,0.0,4320000000.0,540.0,0.0,14.721919302071974,baseline,Paris-sJxiPiAaB4k_0_processed.csv,fcc_train_trace_10719_htt,sJxiPiAaB4k
36,36.68,-1488.987500000001,-41.36076388888892,376.125,10.254225736095965,3,0.08333333333333333,4230.0,4.23,39,10,0.7959183673469388,36,1.0,472500000.0,0.4375,1.4999999999999998,0.04166666666666666,1080000000.0,135.0,0.75,3.6804798255179936,predictive_with_content,Paris-sJxiPiAaB4k_0_processed.csv,fcc_train_trace_10719_htt,sJxiPiAaB4k
36,36.68,-6304.246428571429,-175.11795634920634,1507.9642857142858,41.11134911980059,7,0.19444444444444445,5000.0,5.0,49,0,1.0,36,1.0,3667500000.0,0.8489583333333334,0.0,0.0,4320000000.0,540.0,0.0,14.721919302071974,baseline,Paris-sJxiPiAaB4k_0_processed.csv,fcc_train_trace_14677_htt,sJxiPiAaB4k
36,36.68,-1485.225000000001,-41.25625000000003,375.25,10.230370774263903,2,0.05555555555555555,4230.0,4.23,39,10,0.7959183673469388,36,1.0,472500000.0,0.4375,1.4999999999999998,0.04166666666666666,1080000000.0,135.0,0.75,3.6804798255179936,predictive_with_content,Paris-sJxiPiAaB4k_0_processed.csv,fcc_train_trace_14677_htt,sJxiPiAaB4k
36,36.68,-6326.951731601732,-175.7486592111592,1513.2445887445888,41.255305036657276,9,0.25,5000.0,5.0,49,0,1.0,36,1.0,3667500000.0,0.8489583333333334,0.0,0.0,4320000000.0,540.0,0.0,14.721919302071974,baseline,Paris-sJxiPiAaB4k_0_processed.csv,fcc_train_trace_158454_ht,sJxiPiAaB4k
36,36.68,-1487.912500000001,-41.33090277777781,375.875,10.247410032715376,2,0.05555555555555555,4230.0,4.23,39,10,0.7959183673469388,36,1.0,472500000.0,0.4375,1.4999999999999998,0.04166666666666666,1080000000.0,135.0,0.75,3.6804798255179936,predictive_with_content,Paris-sJxiPiAaB4k_0_processed.csv,fcc_train_trace_158454_ht,sJxiPiAaB4k
36,36.68,-6622.571182983682,-183.9603106384356,1581.9932983682986,43.12958828703104,36,1.0,5000.0,5.0,49,0,1.0,36,1.0,3667500000.0,0.8489583333333334,0.0,0.0,4320000000.0,540.0,0.0,14.721919302071974,baseline,Paris-sJxiPiAaB4k_0_processed.csv,fcc_test_trace_216208_ht,sJxiPiAaB4k
36,36.68,-1521.2375000000013,-42.25659722222226,383.625,10.458696837513632,8,0.2222222222222222,4230.0,4.23,39,10,0.7959183673469388,36,1.0,472500000.0,0.4375,1.4999999999999998,0.04166666666666666,1080000000.0,135.0,0.75,3.6804798255179936,predictive_with_content,Paris-sJxiPiAaB4k_0_processed.csv,fcc_test_trace_216208_ht,sJxiPiAaB4k
36,36.68,-6351.312133699634,-176.42533704721205,1518.9097985347987,41.40975459473279,12,0.3333333333333333,5000.0,5.0,49,0,1.0,36,1.0,3667500000.0,0.8489583333333334,0.0,0.0,4320000000.0,540.0,0.0,14.721919302071974,baseline,Paris-sJxiPiAaB4k_0_processed.csv,fcc_test_trace_244754_ht,sJxiPiAaB4k
36,36.68,-1488.987500000001,-41.36076388888892,376.125,10.254225736095965,3,0.08333333333333333,4230.0,4.23,39,10,0.7959183673469388,36,1.0,472500000.0,0.4375,1.4999999999999998,0.04166666666666666,1080000000.0,135.0,0.75,3.6804798255179936,predictive_with_content,Paris-sJxiPiAaB4k_0_processed.csv,fcc_test_trace_244754_ht,sJxiPiAaB4k
36,36.68,-6339.774945887446,-176.10485960798462,1516.2267316017317,41.33660664126858,10,0.2777777777777778,5000.0,5.0,49,0,1.0,36,1.0,3667500000.0,0.8489583333333334,0.0,0.0,4320000000.0,540.0,0.0,14.721919302071974,baseline,Paris-sJxiPiAaB4k_0_processed.csv,fcc_test_trace_27051_htt,sJxiPiAaB4k
36,36.68,-1488.987500000001,-41.36076388888892,376.125,10.254225736095965,3,0.08333333333333333,4230.0,4.23,39,10,0.7959183673469388,36,1.0,472500000.0,0.4375,1.4999999999999998,0.04166666666666666,1080000000.0,135.0,0.75,3.6804798255179936,predictive_with_content,Paris-sJxiPiAaB4k_0_processed.csv,fcc_test_trace_27051_htt,sJxiPiAaB4k
36,36.68,-180737.14570946957,-5020.4762697074875,42073.754816155735,1147.0489317381607,36,1.0,5000.0,5.0,50,0,1.0,36,1.0,3663000000.0,0.8479166666666667,0.0,0.0,4320000000.0,540.0,0.0,14.721919302071974,baseline,Paris-sJxiPiAaB4k_0_processed.csv,Verizon1,sJxiPiAaB4k
36,36.68,-45049.80642736741,-1251.3835118713168,10492.188704038934,286.04658407957834,36,1.0,3083.75,3.08375,27,23,0.54,36,1.0,526500000.0,0.4875,2.6999999999999993,0.07499999999999998,1080000000.0,135.0,0.75,3.6804798255179936,predictive_with_content,Paris-sJxiPiAaB4k_0_processed.csv,Verizon1,sJxiPiAaB4k
36,36.68,-108231.20258425949,-3006.422294007208,25211.907577734743,687.347534834644,36,1.0,5000.0,5.0,50,0,1.0,36,1.0,3663000000.0,0.8479166666666667,0.0,0.0,4320000000.0,540.0,0.0,14.721919302071974,baseline,Paris-sJxiPiAaB4k_0_processed.csv,Verizon2,sJxiPiAaB4k
36,36.68,-26923.32064606488,-747.8700179462467,6276.726894433686,171.12123485369918,36,1.0,3083.75,3.08375,27,23,0.54,36,1.0,526500000.0,0.4875,2.6999999999999993,0.07499999999999998,1080000000.0,135.0,0.75,3.6804798255179936,predictive_with_content,Paris-sJxiPiAaB4k_0_processed.csv,Verizon2,sJxiPiAaB4k
36,36.68,-1666.035444841922,-46.27876235672006,429.3105685678888,11.704213974042771,36,1.0,5000.0,5.0,50,0,1.0,36,1.0,3663000000.0,0.8479166666666667,0.0,0.0,4320000000.0,540.0,0.0,14.721919302071974,baseline,Paris-sJxiPiAaB4k_0_processed.csv,ATT2,sJxiPiAaB4k
36,36.68,-282.0288612104804,-7.834135033624455,81.07764214197222,2.210404638548861,36,1.0,3083.75,3.08375,27,23,0.54,36,1.0,526500000.0,0.4875,2.6999999999999993,0.07499999999999998,1080000000.0,135.0,0.75,3.6804798255179936,predictive_with_content,Paris-sJxiPiAaB4k_0_processed.csv,ATT2,sJxiPiAaB4k
36,36.68,-20000.604390592576,-555.5723441831271,4693.163811765717,127.9488498300359,36,1.0,5000.0,5.0,50,0,1.0,36,1.0,3663000000.0,0.8479166666666667,0.0,0.0,4320000000.0,540.0,0.0,14.721919302071974,baseline,Paris-sJxiPiAaB4k_0_processed.csv,ATT1,sJxiPiAaB4k
36,36.68,-4865.671097648145,-135.15753049022626,1147.040952941429,31.271563602547136,36,1.0,3083.75,3.08375,27,23,0.54,36,1.0,526500000.0,0.4875,2.6999999999999993,0.07499999999999998,1080000000.0,135.0,0.75,3.6804798255179936,predictive_with_content,Paris-sJxiPiAaB4k_0_processed.csv,ATT1,sJxiPiAaB4k
36,36.68,-2387.89415586634,-66.33039321850944,597.1846874107767,16.28093477128617,36,1.0,5000.0,5.0,50,0,1.0,36,1.0,3663000000.0,0.8479166666666667,0.0,0.0,4320000000.0,540.0,0.0,14.721919302071974,baseline,Paris-sJxiPiAaB4k_0_processed.csv,TMobile2,sJxiPiAaB4k
36,36.68,-462.4935389665851,-12.847042749071809,123.0461718526942,3.354584837859711,36,1.0,3083.75,3.08375,27,23,0.54,36,1.0,526500000.0,0.4875,2.6999999999999993,0.07499999999999998,1080000000.0,135.0,0.75,3.6804798255179936,predictive_with_content,Paris-sJxiPiAaB4k_0_processed.csv,TMobile2,sJxiPiAaB4k
36,36.68,-19240.465637631325,-534.4573788230923,4516.387357588678,123.12942632466408,36,1.0,5000.0,5.0,50,0,1.0,36,1.0,3663000000.0,0.8479166666666667,0.0,0.0,4320000000.0,540.0,0.0,14.721919302071974,baseline,Paris-sJxiPiAaB4k_0_processed.csv,TMobile1,sJxiPiAaB4k
36,36.68,-4675.636409407831,-129.87878915021753,1102.8468393971696,30.066707726204186,36,1.0,3083.75,3.08375,27,23,0.54,36,1.0,526500000.0,0.4875,2.6999999999999993,0.07499999999999998,1080000000.0,135.0,0.75,3.6804798255179936,predictive_with_content,Paris-sJxiPiAaB4k_0_processed.csv,TMobile1,sJxiPiAaB4k
36,36.68,-6340.715705128205,-176.1309918091168,1516.445512820513,41.34257123283841,10,0.2777777777777778,5000.0,5.0,50,0,1.0,36,1.0,3663000000.0,0.8479166666666667,0.0,0.0,4320000000.0,540.0,0.0,14.721919302071974,baseline,Paris-sJxiPiAaB4k_0_processed.csv,fcc_train_trace_10719_htt,sJxiPiAaB4k
36,36.68,-1550.7325000000017,-43.07590277777783,376.125,10.254225736095965,3,0.08333333333333333,3083.75,3.08375,27,23,0.54,36,1.0,526500000.0,0.4875,2.6999999999999993,0.07499999999999998,1080000000.0,135.0,0.75,3.6804798255179936,predictive_with_content,Paris-sJxiPiAaB4k_0_processed.csv,fcc_train_trace_10719_htt,sJxiPiAaB4k
36,36.68,-6304.246428571429,-175.11795634920634,1507.9642857142858,41.11134911980059,7,0.19444444444444445,5000.0,5.0,50,0,1.0,36,1.0,3663000000.0,0.8479166666666667,0.0,0.0,4320000000.0,540.0,0.0,14.721919302071974,baseline,Paris-sJxiPiAaB4k_0_processed.csv,fcc_train_trace_14677_htt,sJxiPiAaB4k
36,36.68,-1546.9700000000016,-42.97138888888893,375.25,10.230370774263903,2,0.05555555555555555,3083.75,3.08375,27,23,0.54,36,1.0,526500000.0,0.4875,2.6999999999999993,0.07499999999999998,1080000000.0,135.0,0.75,3.6804798255179936,predictive_with_content,Paris-sJxiPiAaB4k_0_processed.csv,fcc_train_trace_14677_htt,sJxiPiAaB4k
36,36.68,-6326.951731601732,-175.7486592111592,1513.2445887445888,41.255305036657276,9,0.25,5000.0,5.0,50,0,1.0,36,1.0,3663000000.0,0.8479166666666667,0.0,0.0,4320000000.0,540.0,0.0,14.721919302071974,baseline,Paris-sJxiPiAaB4k_0_processed.csv,fcc_train_trace_158454_ht,sJxiPiAaB4k
36,36.68,-1549.6575000000016,-43.04604166666671,375.875,10.247410032715376,2,0.05555555555555555,3083.75,3.08375,27,23,0.54,36,1.0,526500000.0,0.4875,2.6999999999999993,0.07499999999999998,1080000000.0,135.0,0.75,3.6804798255179936,predictive_with_content,Paris-sJxiPiAaB4k_0_processed.csv,fcc_train_trace_158454_ht,sJxiPiAaB4k
36,36.68,-6622.571182983682,-183.9603106384356,1581.9932983682986,43.12958828703104,36,1.0,5000.0,5.0,50,0,1.0,36,1.0,3663000000.0,0.8479166666666667,0.0,0.0,4320000000.0,540.0,0.0,14.721919302071974,baseline,Paris-sJxiPiAaB4k_0_processed.csv,fcc_test_trace_216208_ht,sJxiPiAaB4k
36,36.68,-1582.9825000000017,-43.971736111111156,383.625,10.458696837513632,8,0.2222222222222222,3083.75,3.08375,27,23,0.54,36,1.0,526500000.0,0.4875,2.6999999999999993,0.07499999999999998,1080000000.0,135.0,0.75,3.6804798255179936,predictive_with_content,Paris-sJxiPiAaB4k_0_processed.csv,fcc_test_trace_216208_ht,sJxiPiAaB4k
36,36.68,-6351.312133699634,-176.42533704721205,1518.9097985347987,41.40975459473279,12,0.3333333333333333,5000.0,5.0,50,0,1.0,36,1.0,3663000000.0,0.8479166666666667,0.0,0.0,4320000000.0,540.0,0.0,14.721919302071974,baseline,Paris-sJxiPiAaB4k_0_processed.csv,fcc_test_trace_244754_ht,sJxiPiAaB4k
36,36.68,-1550.7325000000017,-43.07590277777783,376.125,10.254225736095965,3,0.08333333333333333,3083.75,3.08375,27,23,0.54,36,1.0,526500000.0,0.4875,2.6999999999999993,0.07499999999999998,1080000000.0,135.0,0.75,3.6804798255179936,predictive_with_content,Paris-sJxiPiAaB4k_0_processed.csv,fcc_test_trace_244754_ht,sJxiPiAaB4k
36,36.68,-6339.774945887446,-176.10485960798462,1516.2267316017317,41.33660664126858,10,0.2777777777777778,5000.0,5.0,50,0,1.0,36,1.0,3663000000.0,0.8479166666666667,0.0,0.0,4320000000.0,540.0,0.0,14.721919302071974,baseline,Paris-sJxiPiAaB4k_0_processed.csv,fcc_test_trace_27051_htt,sJxiPiAaB4k
36,36.68,-1550.7325000000017,-43.07590277777783,376.125,10.254225736095965,3,0.08333333333333333,3083.75,3.08375,27,23,0.54,36,1.0,526500000.0,0.4875,2.6999999999999993,0.07499999999999998,1080000000.0,135.0,0.75,3.6804798255179936,predictive_with_content,Paris-sJxiPiAaB4k_0_processed.csv,fcc_test_trace_27051_htt,sJxiPiAaB4k
75,75.93,-310463.81811562984,-4139.517574875064,72288.09723619297,952.0360494691554,75,1.0,5000.0,5.0,146,0,1.0,75,1.0,7443000000.0,0.827,0.0,0.0,9000000000.0,1125.0,0.0,14.816278150928486,baseline,Paris-sJxiPiAaB4k_0_processed.csv,Verizon1,sJxiPiAaB4k
75,75.93,-77396.03452890739,-1031.9471270520985,18016.524309048244,237.27807597850972,75,1.0,3038.6,3.0385999999999997,72,74,0.4931506849315068,75,1.0,1026000000.0,0.456,6.300000000000004,0.08400000000000006,2250000000.0,281.25,0.75,3.7040695377321216,predictive_with_content,Paris-sJxiPiAaB4k_0_processed.csv,Verizon1,sJxiPiAaB4k
75,75.93,-206956.0920116607,-2759.414560155476,48216.53302596755,635.0129464765909,75,1.0,5000.0,5.0,146,0,1.0,75,1.0,7443000000.0,0.827,0.0,0.0,9000000000.0,1125.0,0.0,14.816278150928486,baseline,Paris-sJxiPiAaB4k_0_processed.csv,Verizon2,sJxiPiAaB4k
75,75.93,-51519.10300291514,-686.9213733722019,11998.633256491887,158.02230023036856,75,1.0,3038.6,3.0385999999999997,72,74,0.4931506849315068,75,1.0,1026000000.0,0.456,6.300000000000004,0.08400000000000006,2250000000.0,281.25,0.75,3.7040695377321216,predictive_with_content,Paris-sJxiPiAaB4k_0_processed.csv,Verizon2,sJxiPiAaB4k
75,75.93,-3236.7503226368385,-43.15667096849118,839.941935496939,11.06205630840167,75,1.0,5000.0,5.0,146,0,1.0,75,1.0,7443000000.0,0.827,0.0,0.0,9000000000.0,1125.0,0.0,14.816278150928486,baseline,Paris-sJxiPiAaB4k_0_processed.csv,ATT2,sJxiPiAaB4k
75,75.93,-589.2675806592096,-7.856901075456127,154.48548387423477,2.0345776883212796,75,1.0,3038.6,3.0385999999999997,72,74,0.4931506849315068,75,1.0,1026000000.0,0.456,6.300000000000004,0.08400000000000006,2250000000.0,281.25,0.75,3.7040695377321216,predictive_with_content,Paris-sJxiPiAaB4k_0_processed.csv,ATT2,sJxiPiAaB4k
75,75.93,-38144.9168257734,-508.598891010312,8958.120192040325,117.97866708863855,75,1.0,5000.0,5.0,146,0,1.0,75,1.0,7443000000.0,0.827,0.0,0.0,9000000000.0,1125.0,0.0,14.816278150928486,baseline,Paris-sJxiPiAaB4k_0_processed.csv,ATT1,sJxiPiAaB4k
75,75.93,-9316.309206443351,-124.21745608591135,2184.0300480100814,28.763730383380498,75,1.0,3038.6,3.0385999999999997,72,74,0.4931506849315068,75,1.0,1026000000.0,0.456,6.300000000000004,0.08400000000000006,2250000000.0,281.25,0.75,3.7040695377321216,predictive_with_content,Paris-sJxiPiAaB4k_0_processed.csv,ATT1,sJxiPiAaB4k
75,75.93,-4665.880706115707,-62.211742748209424,1172.2978386315597,15.43919186924219,75,1.0,5000.0,5.0,146,0,1.0,75,1.0,7443000000.0,0.827,0.0,0.0,9000000000.0,1125.0,0.0,14.816278150928486,baseline,Paris-sJxiPiAaB4k_0_processed.csv,TMobile2,sJxiPiAaB4k
75,75.93,-946.5501765289263,-12.620669020385684,237.57445965788986,3.1288615785314082,75,1.0,3038.6,3.0385999999999997,72,74,0.4931506849315068,75,1.0,1026000000.0,0.456,6.300000000000004,0.08400000000000006,2250000000.0,281.25,0.75,3.7040695377321216,predictive_with_content,Paris-sJxiPiAaB4k_0_processed.csv,TMobile2,sJxiPiAaB4k
75,75.93,-36978.45321058904,-493.04604280785384,8686.849583857917,114.4060263908589,75,1.0,5000.0,5.0,146,0,1.0,75,1.0,7443000000.0,0.827,0.0,0.0,9000000000.0,1125.0,0.0,14.816278150928486,baseline,Paris-sJxiPiAaB4k_0_processed.csv,TMobile1,sJxiPiAaB4k
75,75.93,-9024.693302647262,-120.32924403529682,2116.2123959644796,27.87057020893559,75,1.0,3038.6,3.0385999999999997,72,74,0.4931506849315068,75,1.0,1026000000.0,0.456,6.300000000000004,0.08400000000000006,2250000000.0,281.25,0.75,3.7040695377321216,predictive_with_content,Paris-sJxiPiAaB4k_0_processed.csv,TMobile1,sJxiPiAaB4k
75,75.93,-12528.962705627471,-167.05283607503296,3000.9215594482484,39.52221203013629,20,0.26666666666666666,5000.0,5.0,146,0,1.0,75,1.0,7443000000.0,0.827,0.0,0.0,9000000000.0,1125.0,0.0,14.816278150928486,baseline,Paris-sJxiPiAaB4k_0_processed.csv,fcc_train_trace_10719_htt,sJxiPiAaB4k
75,75.93,-2944.6292501248186,-39.26172333499758,702.2440116569339,9.24857120580711,6,0.08,3038.6,3.0385999999999997,72,74,0.4931506849315068,75,1.0,1026000000.0,0.456,6.300000000000004,0.08400000000000006,2250000000.0,281.25,0.75,3.7040695377321216,predictive_with_content,Paris-sJxiPiAaB4k_0_processed.csv,fcc_train_trace_10719_htt,sJxiPiAaB4k
75,75.93,-12423.443398152223,-165.645911975363,2976.3821856167965,39.19902786272615,14,0.18666666666666668,5000.0,5.0,146,0,1.0,75,1.0,7443000000.0,0.827,0.0,0.0,9000000000.0,1125.0,0.0,14.816278150928486,baseline,Paris-sJxiPiAaB4k_0_processed.csv,fcc_train_trace_14677_htt,sJxiPiAaB4k
75,75.93,-2923.604242395201,-38.98138989860268,697.3544749756276,9.184175885363196,4,0.05333333333333334,3038.6,3.0385999999999997,72,74,0.4931506849315068,75,1.0,1026000000.0,0.456,6.300000000000004,0.08400000000000006,2250000000.0,281.25,0.75,3.7040695377321216,predictive_with_content,Paris-sJxiPiAaB4k_0_processed.csv,fcc_train_trace_14677_htt,sJxiPiAaB4k
75,75.93,-12487.811992422001,-166.50415989896,2991.351626144651,39.39617576905901,18,0.24,5000.0,5.0,146,0,1.0,75,1.0,7443000000.0,0.827,0.0,0.0,9000000000.0,1125.0,0.0,14.816278150928486,baseline,Paris-sJxiPiAaB4k_0_processed.csv,fcc_train_trace_158454_ht,sJxiPiAaB4k
75,75.93,-2936.7075652050694,-39.15610086940092,700.4017593500156,9.22430869682623,4,0.05333333333333334,3038.6,3.0385999999999997,72,74,0.4931506849315068,75,1.0,1026000000.0,0.456,6.300000000000004,0.08400000000000006,2250000000.0,281.25,0.75,3.7040695377321216,predictive_with_content,Paris-sJxiPiAaB4k_0_processed.csv,fcc_train_trace_158454_ht,sJxiPiAaB4k
75,75.93,-13156.620378674033,-175.42160504898712,3146.88846015675,41.44459976500395,51,0.68,5000.0,5.0,146,0,1.0,75,1.0,7443000000.0,0.827,0.0,0.0,9000000000.0,1125.0,0.0,14.816278150928486,baseline,Paris-sJxiPiAaB4k_0_processed.csv,fcc_test_trace_216208_ht,sJxiPiAaB4k
75,75.93,-3075.416344668509,-41.00555126224678,732.6596150391874,9.649145463442478,16,0.21333333333333335,3038.6,3.0385999999999997,72,74,0.4931506849315068,75,1.0,1026000000.0,0.456,6.300000000000004,0.08400000000000006,2250000000.0,281.25,0.75,3.7040695377321216,predictive_with_content,Paris-sJxiPiAaB4k_0_processed.csv,fcc_test_trace_216208_ht,sJxiPiAaB4k
75,75.93,-12561.37809336481,-167.48504124486414,3008.4600217127463,39.62149376679502,24,0.32,5000.0,5.0,146,0,1.0,75,1.0,7443000000.0,0.827,0.0,0.0,9000000000.0,1125.0,0.0,14.816278150928486,baseline,Paris-sJxiPiAaB4k_0_processed.csv,fcc_test_trace_244754_ht,sJxiPiAaB4k
75,75.93,-2950.083989916296,-39.33445319888395,703.5125557944868,9.265277963841521,6,0.08,3038.6,3.0385999999999997,72,74,0.4931506849315068,75,1.0,1026000000.0,0.456,6.300000000000004,0.08400000000000006,2250000000.0,281.25,0.75,3.7040695377321216,predictive_with_content,Paris-sJxiPiAaB4k_0_processed.csv,fcc_test_trace_244754_ht,sJxiPiAaB4k
75,75.93,-12524.04221814001,-166.98722957520013,2999.7772600325593,39.5071415781978,20,0.26666666666666666,5000.0,5.0,146,0,1.0,75,1.0,7443000000.0,0.827,0.0,0.0,9000000000.0,1125.0,0.0,14.816278150928486,baseline,Paris-sJxiPiAaB4k_0_processed.csv,fcc_test_trace_27051_htt,sJxiPiAaB4k
75,75.93,-2943.6343180631425,-39.248457574175234,702.0126321077068,9.245523931353969,6,0.08,3038.6,3.0385999999999997,72,74,0.4931506849315068,75,1.0,1026000000.0,0.456,6.300000000000004,0.08400000000000006,2250000000.0,281.25,0.75,3.7040695377321216,predictive_with_content,Paris-sJxiPiAaB4k_0_processed.csv,fcc_test_trace_27051_htt,sJxiPiAaB4k
